{
    "-X--XO-XO": 0.18000000000000002,
    "----X--XO": 0.18000000000000002,
    "----X----": 0.18000000000000002
}