{
    "-X--XO-XO": 0.18000000000000002,
    "----X--XO": 0.18000000000000002,
    "----X----": 0.324,
    "-XO-X--XO": 0.18000000000000002,
    "-XO-X----": 0.18000000000000002,
    "X--X--XOO": 0.18000000000000002,
    "X-----X-O": 0.18000000000000002,
    "------X--": 0.18000000000000002
}